key,latitude,longitude,jun,sep,dez
1,41.8441,-87.6398,322,142,166
2,41.8441,-87.6385937,212,7,81
3,41.8441,-87.6373874,0,0,0
4,41.8441,-87.6361812,718,540,360
5,41.8441,-87.6349749,25,0,79
6,41.8441,-87.6337686,79,0,167
7,41.8441,-87.6325623,0,0,0
8,41.8441,-87.6313561,0,0,0
9,41.8441,-87.6301498,720,540,358
10,41.8441,-87.6289435,720,540,360
11,41.8441,-87.6277372,48,53,70
12,41.8441,-87.6265309,720,540,360
13,41.8441,-87.6253247,59,48,0
14,41.8441,-87.6241184,459,540,360
15,41.8441,-87.6229121,16,176,140
16,41.8441,-87.6217058,117,185,9
17,41.8441,-87.6204996,98,122,0
18,41.8441,-87.6192933,0,27,0
19,41.8441,-87.618087,720,540,360
20,41.8441,-87.6168807,0,267,193
21,41.8441,-87.6156744,10,114,97
22,41.8441,-87.6144682,0,14,32
23,41.8441,-87.6132619,0,0,0
24,41.8449983,-87.6398,46,0,156
25,41.8449983,-87.6385937,298,299,357
26,41.8449983,-87.6373874,0,0,0
27,41.8449983,-87.6361812,322,234,190
28,41.8449983,-87.6349749,716,540,360
29,41.8449983,-87.6337686,0,0,133
30,41.8449983,-87.6325623,0,8,0
31,41.8449983,-87.6313561,0,0,0
32,41.8449983,-87.6301498,720,540,360
33,41.8449983,-87.6289435,0,0,0
34,41.8449983,-87.6277372,720,540,360
35,41.8449983,-87.6265309,37,0,0
36,41.8449983,-87.6253247,0,0,0
37,41.8449983,-87.6241184,43,0,0
38,41.8449983,-87.6229121,31,43,129
39,41.8449983,-87.6217058,720,540,360
40,41.8449983,-87.6204996,95,171,133
41,41.8449983,-87.6192933,60,39,140
42,41.8449983,-87.618087,147,129,75
43,41.8449983,-87.6168807,0,0,112
44,41.8449983,-87.6156744,0,0,95
45,41.8449983,-87.6144682,0,0,0
46,41.8449983,-87.6132619,0,0,0
47,41.8458966,-87.6398,169,272,213
48,41.8458966,-87.6385937,106,0,118
49,41.8458966,-87.6373874,0,0,0
50,41.8458966,-87.6361812,73,0,0
51,41.8458966,-87.6349749,63,109,71
52,41.8458966,-87.6337686,720,534,360
53,41.8458966,-87.6325623,720,540,360
54,41.8458966,-87.6313561,0,0,0
55,41.8458966,-87.6301498,0,0,0
56,41.8458966,-87.6289435,0,0,0
57,41.8458966,-87.6277372,720,540,360
58,41.8458966,-87.6265309,0,0,16
59,41.8458966,-87.6253247,241,184,123
60,41.8458966,-87.6241184,0,46,0
61,41.8458966,-87.6229121,67,78,0
62,41.8458966,-87.6217058,60,121,215
63,41.8458966,-87.6204996,339,217,64
64,41.8458966,-87.6192933,166,20,38
65,41.8458966,-87.618087,0,0,0
66,41.8458966,-87.6168807,0,0,0
67,41.8458966,-87.6156744,0,0,0
68,41.8458966,-87.6144682,0,0,0
69,41.8458966,-87.6132619,0,0,0
70,41.8467949,-87.6398,0,0,0
71,41.8467949,-87.6385937,0,0,0
72,41.8467949,-87.6373874,0,0,0
73,41.8467949,-87.6361812,0,0,35
74,41.8467949,-87.6349749,0,0,0
75,41.8467949,-87.6337686,0,145,237
76,41.8467949,-87.6325623,0,0,48
77,41.8467949,-87.6313561,0,0,0
78,41.8467949,-87.6301498,0,0,0
79,41.8467949,-87.6289435,0,0,0
80,41.8467949,-87.6277372,0,206,360
81,41.8467949,-87.6265309,0,0,0
82,41.8467949,-87.6253247,77,94,47
83,41.8467949,-87.6241184,0,0,2
84,41.8467949,-87.6229121,86,75,65
85,41.8467949,-87.6217058,720,540,360
86,41.8467949,-87.6204996,353,225,163
87,41.8467949,-87.6192933,112,0,70
88,41.8467949,-87.618087,63,0,33
89,41.8467949,-87.6168807,0,0,228
90,41.8467949,-87.6156744,0,0,107
91,41.8467949,-87.6144682,0,0,0
92,41.8467949,-87.6132619,0,0,0
93,41.8476932,-87.6398,72,0,0
94,41.8476932,-87.6385937,90,0,0
95,41.8476932,-87.6373874,40,0,0
96,41.8476932,-87.6361812,0,0,0
97,41.8476932,-87.6349749,0,0,0
98,41.8476932,-87.6337686,0,0,0
99,41.8476932,-87.6325623,0,0,0
100,41.8476932,-87.6313561,0,0,0
101,41.8476932,-87.6301498,0,0,0
102,41.8476932,-87.6289435,0,0,0
103,41.8476932,-87.6277372,0,0,0
104,41.8476932,-87.6265309,0,0,0
105,41.8476932,-87.6253247,0,0,0
106,41.8476932,-87.6241184,0,0,0
107,41.8476932,-87.6229121,0,83,29
108,41.8476932,-87.6217058,0,309,345
109,41.8476932,-87.6204996,0,136,180
110,41.8476932,-87.6192933,0,0,27
111,41.8476932,-87.618087,0,0,0
112,41.8476932,-87.6168807,720,540,360
113,41.8476932,-87.6156744,0,23,0
114,41.8476932,-87.6144682,0,0,0
115,41.8476932,-87.6132619,0,0,0
116,41.8485916,-87.6398,1,524,360
117,41.8485916,-87.6385937,0,45,360
118,41.8485916,-87.6373874,0,0,0
119,41.8485916,-87.6361812,713,540,360
120,41.8485916,-87.6349749,151,220,127
121,41.8485916,-87.6337686,148,131,288
122,41.8485916,-87.6325623,246,350,355
123,41.8485916,-87.6313561,116,61,76
124,41.8485916,-87.6301498,0,0,0
125,41.8485916,-87.6289435,0,0,0
126,41.8485916,-87.6277372,0,0,0
127,41.8485916,-87.6265309,0,0,0
128,41.8485916,-87.6253247,0,0,84
129,41.8485916,-87.6241184,720,540,360
130,41.8485916,-87.6229121,186,24,0
131,41.8485916,-87.6217058,720,540,360
132,41.8485916,-87.6204996,720,540,360
133,41.8485916,-87.6192933,720,540,360
134,41.8485916,-87.618087,194,23,0
135,41.8485916,-87.6168807,720,540,360
136,41.8485916,-87.6156744,720,540,360
137,41.8485916,-87.6144682,195,40,0
138,41.8485916,-87.6132619,26,0,0
139,41.8494899,-87.6398,156,365,360
140,41.8494899,-87.6385937,720,540,360
141,41.8494899,-87.6373874,0,0,0
142,41.8494899,-87.6361812,288,384,358
143,41.8494899,-87.6349749,720,540,360
144,41.8494899,-87.6337686,676,540,360
145,41.8494899,-87.6325623,652,540,359
146,41.8494899,-87.6313561,327,236,180
147,41.8494899,-87.6301498,0,0,0
148,41.8494899,-87.6289435,0,0,0
149,41.8494899,-87.6277372,0,0,0
150,41.8494899,-87.6265309,720,537,360
151,41.8494899,-87.6253247,17,0,0
152,41.8494899,-87.6241184,170,124,0
153,41.8494899,-87.6229121,75,59,5
154,41.8494899,-87.6217058,720,540,360
155,41.8494899,-87.6204996,720,540,360
156,41.8494899,-87.6192933,720,540,360
157,41.8494899,-87.618087,263,196,150
158,41.8494899,-87.6168807,720,540,360
159,41.8494899,-87.6156744,720,540,360
160,41.8494899,-87.6144682,720,540,360
161,41.8494899,-87.6132619,162,85,0
162,41.8503882,-87.6398,0,33,51
163,41.8503882,-87.6385937,720,540,360
164,41.8503882,-87.6373874,0,0,0
165,41.8503882,-87.6361812,718,539,360
166,41.8503882,-87.6349749,714,540,360
167,41.8503882,-87.6337686,183,188,321
168,41.8503882,-87.6325623,425,540,360
169,41.8503882,-87.6313561,53,225,176
170,41.8503882,-87.6301498,0,0,0
171,41.8503882,-87.6289435,0,0,0
172,41.8503882,-87.6277372,0,0,0
173,41.8503882,-87.6265309,0,192,346
174,41.8503882,-87.6253247,8,8,108
175,41.8503882,-87.6241184,316,369,341
176,41.8503882,-87.6229121,534,443,299
177,41.8503882,-87.6217058,720,540,360
178,41.8503882,-87.6204996,720,540,360
179,41.8503882,-87.6192933,720,540,360
180,41.8503882,-87.618087,720,540,360
181,41.8503882,-87.6168807,720,540,360
182,41.8503882,-87.6156744,720,540,360
183,41.8503882,-87.6144682,720,540,360
184,41.8503882,-87.6132619,95,61,103
185,41.8512865,-87.6398,0,0,0
186,41.8512865,-87.6385937,0,0,0
187,41.8512865,-87.6373874,88,64,116
188,41.8512865,-87.6361812,213,169,223
189,41.8512865,-87.6349749,216,337,315
190,41.8512865,-87.6337686,720,540,360
191,41.8512865,-87.6325623,719,540,360
192,41.8512865,-87.6313561,256,178,140
193,41.8512865,-87.6301498,33,0,0
194,41.8512865,-87.6289435,720,540,360
195,41.8512865,-87.6277372,0,0,0
196,41.8512865,-87.6265309,720,540,356
197,41.8512865,-87.6253247,0,0,0
198,41.8512865,-87.6241184,0,4,324
199,41.8512865,-87.6229121,720,540,360
200,41.8512865,-87.6217058,720,540,360
201,41.8512865,-87.6204996,720,540,360
202,41.8512865,-87.6192933,720,540,360
203,41.8512865,-87.618087,380,214,360
204,41.8512865,-87.6168807,720,540,360
205,41.8512865,-87.6156744,720,540,360
206,41.8512865,-87.6144682,720,540,360
207,41.8512865,-87.6132619,40,19,64
208,41.8521848,-87.6398,720,540,360
209,41.8521848,-87.6385937,0,0,0
210,41.8521848,-87.6373874,236,120,0
211,41.8521848,-87.6361812,31,0,0
212,41.8521848,-87.6349749,323,209,129
213,41.8521848,-87.6337686,31,0,195
214,41.8521848,-87.6325623,121,0,360
215,41.8521848,-87.6313561,206,97,117
216,41.8521848,-87.6301498,21,0,3
217,41.8521848,-87.6289435,0,0,69
218,41.8521848,-87.6277372,22,0,0
219,41.8521848,-87.6265309,158,91,94
220,41.8521848,-87.6253247,720,540,360
221,41.8521848,-87.6241184,720,540,360
222,41.8521848,-87.6229121,178,178,115
223,41.8521848,-87.6217058,720,540,360
224,41.8521848,-87.6204996,720,533,356
225,41.8521848,-87.6192933,720,540,360
226,41.8521848,-87.618087,720,540,360
227,41.8521848,-87.6168807,720,540,360
228,41.8521848,-87.6156744,720,540,360
229,41.8521848,-87.6144682,673,540,360
230,41.8521848,-87.6132619,712,540,360
231,41.8530831,-87.6398,38,0,0
232,41.8530831,-87.6385937,0,0,0
233,41.8530831,-87.6373874,0,0,0
234,41.8530831,-87.6361812,0,0,0
235,41.8530831,-87.6349749,0,0,0
236,41.8530831,-87.6337686,720,540,360
237,41.8530831,-87.6325623,720,540,360
238,41.8530831,-87.6313561,0,0,0
239,41.8530831,-87.6301498,29,0,0
240,41.8530831,-87.6289435,30,0,0
241,41.8530831,-87.6277372,25,0,0
242,41.8530831,-87.6265309,364,240,178
243,41.8530831,-87.6253247,117,0,0
244,41.8530831,-87.6241184,720,540,360
245,41.8530831,-87.6229121,720,540,360
246,41.8530831,-87.6217058,145,0,197
247,41.8530831,-87.6204996,189,0,278
248,41.8530831,-87.6192933,221,0,221
249,41.8530831,-87.618087,213,42,58
250,41.8530831,-87.6168807,720,540,360
251,41.8530831,-87.6156744,720,540,360
252,41.8530831,-87.6144682,109,88,113
253,41.8530831,-87.6132619,720,540,360
254,41.8539814,-87.6398,134,54,37
255,41.8539814,-87.6385937,181,4,17
256,41.8539814,-87.6373874,45,19,0
257,41.8539814,-87.6361812,720,540,360
258,41.8539814,-87.6349749,473,362,291
259,41.8539814,-87.6337686,711,535,357
260,41.8539814,-87.6325623,0,0,47
261,41.8539814,-87.6313561,38,0,0
262,41.8539814,-87.6301498,37,29,0
263,41.8539814,-87.6289435,720,540,360
264,41.8539814,-87.6277372,0,23,108
265,41.8539814,-87.6265309,372,266,164
266,41.8539814,-87.6253247,381,276,159
267,41.8539814,-87.6241184,403,305,235
268,41.8539814,-87.6229121,720,540,360
269,41.8539814,-87.6217058,720,540,360
270,41.8539814,-87.6204996,720,540,360
271,41.8539814,-87.6192933,720,540,360
272,41.8539814,-87.618087,719,540,360
273,41.8539814,-87.6168807,720,540,360
274,41.8539814,-87.6156744,720,540,360
275,41.8539814,-87.6144682,48,28,73
276,41.8539814,-87.6132619,720,540,360
277,41.8548797,-87.6398,0,0,0
278,41.8548797,-87.6385937,0,0,0
279,41.8548797,-87.6373874,0,0,0
280,41.8548797,-87.6361812,0,0,0
281,41.8548797,-87.6349749,0,102,121
282,41.8548797,-87.6337686,674,411,360
283,41.8548797,-87.6325623,0,234,360
284,41.8548797,-87.6313561,0,39,0
285,41.8548797,-87.6301498,23,160,68
286,41.8548797,-87.6289435,107,323,290
287,41.8548797,-87.6277372,78,266,203
288,41.8548797,-87.6265309,45,58,129
289,41.8548797,-87.6253247,720,540,360
290,41.8548797,-87.6241184,720,540,360
291,41.8548797,-87.6229121,0,8,204
292,41.8548797,-87.6217058,719,540,360
293,41.8548797,-87.6204996,720,540,360
294,41.8548797,-87.6192933,720,540,360
295,41.8548797,-87.618087,245,184,303
296,41.8548797,-87.6168807,720,540,360
297,41.8548797,-87.6156744,720,540,359
298,41.8548797,-87.6144682,0,0,41
299,41.8548797,-87.6132619,0,251,360
300,41.855778,-87.6398,66,0,106
301,41.855778,-87.6385937,0,0,0
302,41.855778,-87.6373874,0,0,0
303,41.855778,-87.6361812,0,0,0
304,41.855778,-87.6349749,0,0,0
305,41.855778,-87.6337686,720,540,360
306,41.855778,-87.6325623,94,492,360
307,41.855778,-87.6313561,0,0,0
308,41.855778,-87.6301498,51,0,69
309,41.855778,-87.6289435,0,0,166
310,41.855778,-87.6277372,132,65,170
311,41.855778,-87.6265309,189,204,125
312,41.855778,-87.6253247,720,540,360
313,41.855778,-87.6241184,720,540,360
314,41.855778,-87.6229121,720,540,360
315,41.855778,-87.6217058,720,540,360
316,41.855778,-87.6204996,720,540,360
317,41.855778,-87.6192933,720,540,360
318,41.855778,-87.618087,78,0,115
319,41.855778,-87.6168807,108,34,360
320,41.855778,-87.6156744,46,106,120
321,41.855778,-87.6144682,0,0,0
322,41.855778,-87.6132619,0,0,0
323,41.8566764,-87.6398,720,540,360
324,41.8566764,-87.6385937,720,540,359
325,41.8566764,-87.6373874,19,0,0
326,41.8566764,-87.6361812,0,0,0
327,41.8566764,-87.6349749,13,0,0
328,41.8566764,-87.6337686,0,0,0
329,41.8566764,-87.6325623,64,0,97
330,41.8566764,-87.6313561,29,0,0
331,41.8566764,-87.6301498,91,0,126
332,41.8566764,-87.6289435,130,0,0
333,41.8566764,-87.6277372,111,0,15
334,41.8566764,-87.6265309,165,112,105
335,41.8566764,-87.6253247,720,540,360
336,41.8566764,-87.6241184,542,540,360
337,41.8566764,-87.6229121,200,190,147
338,41.8566764,-87.6217058,30,322,292
339,41.8566764,-87.6204996,720,540,360
340,41.8566764,-87.6192933,719,540,360
341,41.8566764,-87.618087,227,208,127
342,41.8566764,-87.6168807,92,74,0
343,41.8566764,-87.6156744,11,1,0
344,41.8566764,-87.6144682,0,0,0
345,41.8566764,-87.6132619,0,0,0
346,41.8575747,-87.6398,0,0,0
347,41.8575747,-87.6385937,720,540,360
348,41.8575747,-87.6373874,719,540,360
349,41.8575747,-87.6361812,720,540,360
350,41.8575747,-87.6349749,6,37,0
351,41.8575747,-87.6337686,91,178,73
352,41.8575747,-87.6325623,0,50,4
353,41.8575747,-87.6313561,0,0,10
354,41.8575747,-87.6301498,0,0,0
355,41.8575747,-87.6289435,12,309,360
356,41.8575747,-87.6277372,14,0,360
357,41.8575747,-87.6265309,0,0,0
358,41.8575747,-87.6253247,720,540,360
359,41.8575747,-87.6241184,476,540,360
360,41.8575747,-87.6229121,451,538,360
361,41.8575747,-87.6217058,720,540,360
362,41.8575747,-87.6204996,720,540,360
363,41.8575747,-87.6192933,151,228,154
364,41.8575747,-87.618087,62,172,161
365,41.8575747,-87.6168807,4,39,59
366,41.8575747,-87.6156744,0,0,0
367,41.8575747,-87.6144682,0,0,0
368,41.8575747,-87.6132619,0,0,0
369,41.858473,-87.6398,6,0,0
370,41.858473,-87.6385937,0,0,0
371,41.858473,-87.6373874,0,0,0
372,41.858473,-87.6361812,0,0,157
373,41.858473,-87.6349749,0,0,43
374,41.858473,-87.6337686,0,0,0
375,41.858473,-87.6325623,0,0,0
376,41.858473,-87.6313561,0,0,0
377,41.858473,-87.6301498,41,0,25
378,41.858473,-87.6289435,0,0,0
379,41.858473,-87.6277372,720,540,360
380,41.858473,-87.6265309,235,4,0
381,41.858473,-87.6253247,198,504,360
382,41.858473,-87.6241184,720,540,360
383,41.858473,-87.6229121,720,540,360
384,41.858473,-87.6217058,720,539,359
385,41.858473,-87.6204996,720,540,360
386,41.858473,-87.6192933,301,145,70
387,41.858473,-87.618087,41,0,102
388,41.858473,-87.6168807,26,0,80
389,41.858473,-87.6156744,3,0,27
390,41.858473,-87.6144682,0,0,0
391,41.858473,-87.6132619,0,0,0
392,41.8593713,-87.6398,720,540,360
393,41.8593713,-87.6385937,32,0,0
394,41.8593713,-87.6373874,35,0,0
395,41.8593713,-87.6361812,720,540,360
396,41.8593713,-87.6349749,720,540,360
397,41.8593713,-87.6337686,0,0,0
398,41.8593713,-87.6325623,720,540,359
399,41.8593713,-87.6313561,0,0,0
400,41.8593713,-87.6301498,234,208,115
401,41.8593713,-87.6289435,720,540,360
402,41.8593713,-87.6277372,312,540,360
403,41.8593713,-87.6265309,143,168,91
404,41.8593713,-87.6253247,29,128,78
405,41.8593713,-87.6241184,624,451,302
406,41.8593713,-87.6229121,248,512,360
407,41.8593713,-87.6217058,237,124,31
408,41.8593713,-87.6204996,720,540,360
409,41.8593713,-87.6192933,188,0,142
410,41.8593713,-87.618087,98,0,0
411,41.8593713,-87.6168807,20,18,177
412,41.8593713,-87.6156744,720,540,360
413,41.8593713,-87.6144682,171,112,88
414,41.8593713,-87.6132619,0,0,0
415,41.8602696,-87.6398,0,0,0
416,41.8602696,-87.6385937,60,0,63
417,41.8602696,-87.6373874,0,0,117
418,41.8602696,-87.6361812,720,540,360
419,41.8602696,-87.6349749,720,540,360
420,41.8602696,-87.6337686,0,0,0
421,41.8602696,-87.6325623,0,0,0
422,41.8602696,-87.6313561,0,0,0
423,41.8602696,-87.6301498,11,0,0
424,41.8602696,-87.6289435,3,0,0
425,41.8602696,-87.6277372,720,540,360
426,41.8602696,-87.6265309,270,132,187
427,41.8602696,-87.6253247,204,48,95
428,41.8602696,-87.6241184,118,111,194
429,41.8602696,-87.6229121,167,473,360
430,41.8602696,-87.6217058,156,540,360
431,41.8602696,-87.6204996,108,274,215
432,41.8602696,-87.6192933,0,145,64
433,41.8602696,-87.618087,0,53,72
434,41.8602696,-87.6168807,0,0,0
435,41.8602696,-87.6156744,0,0,117
436,41.8602696,-87.6144682,0,0,0
437,41.8602696,-87.6132619,0,0,0
438,41.8611679,-87.6398,0,0,0
439,41.8611679,-87.6385937,0,0,0
440,41.8611679,-87.6373874,0,0,0
441,41.8611679,-87.6361812,0,0,0
442,41.8611679,-87.6349749,0,0,0
443,41.8611679,-87.6337686,0,0,0
444,41.8611679,-87.6325623,0,0,0
445,41.8611679,-87.6313561,8,25,0
446,41.8611679,-87.6301498,326,265,149
447,41.8611679,-87.6289435,720,540,360
448,41.8611679,-87.6277372,720,540,360
449,41.8611679,-87.6265309,528,332,206
450,41.8611679,-87.6253247,720,540,360
451,41.8611679,-87.6241184,363,249,212
452,41.8611679,-87.6229121,77,9,199
453,41.8611679,-87.6217058,53,0,257
454,41.8611679,-87.6204996,0,0,168
455,41.8611679,-87.6192933,110,14,94
456,41.8611679,-87.618087,98,0,30
457,41.8611679,-87.6168807,95,181,360
458,41.8611679,-87.6156744,214,54,0
459,41.8611679,-87.6144682,66,0,0
460,41.8611679,-87.6132619,5,0,0
461,41.8620662,-87.6398,720,540,360
462,41.8620662,-87.6385937,0,0,0
463,41.8620662,-87.6373874,0,0,0
464,41.8620662,-87.6361812,55,53,13
465,41.8620662,-87.6349749,0,0,0
466,41.8620662,-87.6337686,0,0,0
467,41.8620662,-87.6325623,0,0,0
468,41.8620662,-87.6313561,0,0,0
469,41.8620662,-87.6301498,234,190,102
470,41.8620662,-87.6289435,719,540,360
471,41.8620662,-87.6277372,720,540,360
472,41.8620662,-87.6265309,347,276,325
473,41.8620662,-87.6253247,184,0,70
474,41.8620662,-87.6241184,374,171,141
475,41.8620662,-87.6229121,353,57,29
476,41.8620662,-87.6217058,720,540,360
477,41.8620662,-87.6204996,661,483,360
478,41.8620662,-87.6192933,720,540,360
479,41.8620662,-87.618087,271,199,108
480,41.8620662,-87.6168807,720,540,360
481,41.8620662,-87.6156744,720,540,356
482,41.8620662,-87.6144682,102,44,0
483,41.8620662,-87.6132619,6,0,0
484,41.8629645,-87.6398,0,0,0
485,41.8629645,-87.6385937,705,529,360
486,41.8629645,-87.6373874,36,31,0
487,41.8629645,-87.6361812,720,540,360
488,41.8629645,-87.6349749,67,28,50
489,41.8629645,-87.6337686,0,0,0
490,41.8629645,-87.6325623,0,0,0
491,41.8629645,-87.6313561,0,0,0
492,41.8629645,-87.6301498,245,219,74
493,41.8629645,-87.6289435,249,1,9
494,41.8629645,-87.6277372,719,540,360
495,41.8629645,-87.6265309,166,125,169
496,41.8629645,-87.6253247,19,106,146
497,41.8629645,-87.6241184,305,397,181
498,41.8629645,-87.6229121,227,157,206
499,41.8629645,-87.6217058,265,27,29
500,41.8629645,-87.6204996,720,540,360
501,41.8629645,-87.6192933,26,59,92
502,41.8629645,-87.618087,276,240,131
503,41.8629645,-87.6168807,720,540,360
504,41.8629645,-87.6156744,608,540,360
505,41.8629645,-87.6144682,72,49,55
506,41.8629645,-87.6132619,0,0,122
507,41.8638628,-87.6398,720,540,360
508,41.8638628,-87.6385937,206,90,111
509,41.8638628,-87.6373874,0,0,0
510,41.8638628,-87.6361812,0,0,260
511,41.8638628,-87.6349749,0,0,0
512,41.8638628,-87.6337686,0,0,0
513,41.8638628,-87.6325623,0,0,0
514,41.8638628,-87.6313561,0,0,0
515,41.8638628,-87.6301498,280,236,140
516,41.8638628,-87.6289435,327,168,78
517,41.8638628,-87.6277372,280,236,126
518,41.8638628,-87.6265309,429,251,229
519,41.8638628,-87.6253247,278,188,352
520,41.8638628,-87.6241184,563,449,268
521,41.8638628,-87.6229121,720,540,360
522,41.8638628,-87.6217058,720,540,360
523,41.8638628,-87.6204996,143,65,360
524,41.8638628,-87.6192933,42,0,11
525,41.8638628,-87.618087,310,232,136
526,41.8638628,-87.6168807,0,73,331
527,41.8638628,-87.6156744,720,540,360
528,41.8638628,-87.6144682,0,0,63
529,41.8638628,-87.6132619,0,0,0
530,41.8647612,-87.6398,0,0,0
531,41.8647612,-87.6385937,720,540,360
532,41.8647612,-87.6373874,0,0,0
533,41.8647612,-87.6361812,0,0,0
534,41.8647612,-87.6349749,0,0,0
535,41.8647612,-87.6337686,14,0,0
536,41.8647612,-87.6325623,24,0,0
537,41.8647612,-87.6313561,7,0,0
538,41.8647612,-87.6301498,0,296,194
539,41.8647612,-87.6289435,720,540,360
540,41.8647612,-87.6277372,340,276,166
541,41.8647612,-87.6265309,177,44,151
542,41.8647612,-87.6253247,720,540,360
543,41.8647612,-87.6241184,542,361,309
544,41.8647612,-87.6229121,720,540,360
545,41.8647612,-87.6217058,720,540,360
546,41.8647612,-87.6204996,720,540,360
547,41.8647612,-87.6192933,128,44,0
548,41.8647612,-87.618087,8,0,1
549,41.8647612,-87.6168807,0,0,0
550,41.8647612,-87.6156744,0,0,46
551,41.8647612,-87.6144682,14,0,43
552,41.8647612,-87.6132619,26,0,0
553,41.8656595,-87.6398,0,0,0
554,41.8656595,-87.6385937,0,0,0
555,41.8656595,-87.6373874,0,0,0
556,41.8656595,-87.6361812,720,540,360
557,41.8656595,-87.6349749,0,0,0
558,41.8656595,-87.6337686,0,0,0
559,41.8656595,-87.6325623,0,0,0
560,41.8656595,-87.6313561,26,0,0
561,41.8656595,-87.6301498,112,319,282
562,41.8656595,-87.6289435,50,410,315
563,41.8656595,-87.6277372,720,540,360
564,41.8656595,-87.6265309,224,190,116
565,41.8656595,-87.6253247,720,540,360
566,41.8656595,-87.6241184,423,494,325
567,41.8656595,-87.6229121,720,540,360
568,41.8656595,-87.6217058,702,540,360
569,41.8656595,-87.6204996,317,164,198
570,41.8656595,-87.6192933,117,23,58
571,41.8656595,-87.618087,67,0,0
572,41.8656595,-87.6168807,720,540,360
573,41.8656595,-87.6156744,58,0,0
574,41.8656595,-87.6144682,43,0,0
575,41.8656595,-87.6132619,6,0,0
576,41.8665578,-87.6398,87,70,70
577,41.8665578,-87.6385937,0,0,0
578,41.8665578,-87.6373874,0,0,0
579,41.8665578,-87.6361812,359,256,198
580,41.8665578,-87.6349749,0,0,0
581,41.8665578,-87.6337686,0,0,0
582,41.8665578,-87.6325623,0,0,0
583,41.8665578,-87.6313561,0,0,0
584,41.8665578,-87.6301498,349,311,208
585,41.8665578,-87.6289435,720,540,360
586,41.8665578,-87.6277372,720,540,360
587,41.8665578,-87.6265309,567,499,317
588,41.8665578,-87.6253247,720,540,360
589,41.8665578,-87.6241184,170,387,328
590,41.8665578,-87.6229121,720,540,360
591,41.8665578,-87.6217058,215,245,264
592,41.8665578,-87.6204996,184,149,175
593,41.8665578,-87.6192933,115,42,33
594,41.8665578,-87.618087,720,540,360
595,41.8665578,-87.6168807,720,540,360
596,41.8665578,-87.6156744,106,85,89
597,41.8665578,-87.6144682,55,120,152
598,41.8665578,-87.6132619,0,0,0
599,41.8674561,-87.6398,720,540,360
600,41.8674561,-87.6385937,720,540,360
601,41.8674561,-87.6373874,0,0,0
602,41.8674561,-87.6361812,99,55,81
603,41.8674561,-87.6349749,0,0,0
604,41.8674561,-87.6337686,76,0,0
605,41.8674561,-87.6325623,153,0,0
606,41.8674561,-87.6313561,77,0,0
607,41.8674561,-87.6301498,7,0,0
608,41.8674561,-87.6289435,43,0,0
609,41.8674561,-87.6277372,82,31,97
610,41.8674561,-87.6265309,152,74,164
611,41.8674561,-87.6253247,180,168,183
612,41.8674561,-87.6241184,270,297,294
613,41.8674561,-87.6229121,400,505,346
614,41.8674561,-87.6217058,404,489,360
615,41.8674561,-87.6204996,186,145,134
616,41.8674561,-87.6192933,104,30,89
617,41.8674561,-87.618087,8,0,0
618,41.8674561,-87.6168807,0,0,0
619,41.8674561,-87.6156744,0,0,0
620,41.8674561,-87.6144682,720,540,360
621,41.8674561,-87.6132619,720,540,360
622,41.8683544,-87.6398,720,540,360
623,41.8683544,-87.6385937,720,540,360
624,41.8683544,-87.6373874,0,0,0
625,41.8683544,-87.6361812,62,0,9
626,41.8683544,-87.6349749,127,0,0
627,41.8683544,-87.6337686,109,99,47
628,41.8683544,-87.6325623,355,246,161
629,41.8683544,-87.6313561,720,540,360
630,41.8683544,-87.6301498,27,44,0
631,41.8683544,-87.6289435,521,418,358
632,41.8683544,-87.6277372,113,406,360
633,41.8683544,-87.6265309,720,540,360
634,41.8683544,-87.6253247,720,540,360
635,41.8683544,-87.6241184,227,290,315
636,41.8683544,-87.6229121,144,257,284
637,41.8683544,-87.6217058,76,206,250
638,41.8683544,-87.6204996,0,155,147
639,41.8683544,-87.6192933,0,121,47
640,41.8683544,-87.618087,0,81,2
641,41.8683544,-87.6168807,0,45,0
642,41.8683544,-87.6156744,19,17,0
643,41.8683544,-87.6144682,0,0,0
644,41.8683544,-87.6132619,0,0,0
645,41.8692527,-87.6398,720,540,360
646,41.8692527,-87.6385937,720,540,360
647,41.8692527,-87.6373874,0,0,0
648,41.8692527,-87.6361812,720,540,360
649,41.8692527,-87.6349749,0,0,36
650,41.8692527,-87.6337686,79,0,53
651,41.8692527,-87.6325623,433,382,224
652,41.8692527,-87.6313561,720,540,360
653,41.8692527,-87.6301498,232,6,5
654,41.8692527,-87.6289435,125,40,155
655,41.8692527,-87.6277372,193,141,102
656,41.8692527,-87.6265309,308,540,356
657,41.8692527,-87.6253247,379,517,360
658,41.8692527,-87.6241184,120,247,278
659,41.8692527,-87.6229121,50,129,224
660,41.8692527,-87.6217058,24,68,214
661,41.8692527,-87.6204996,0,34,149
662,41.8692527,-87.6192933,0,31,75
663,41.8692527,-87.618087,0,3,33
664,41.8692527,-87.6168807,0,0,0
665,41.8692527,-87.6156744,0,0,0
666,41.8692527,-87.6144682,0,0,0
667,41.8692527,-87.6132619,0,0,0
668,41.870151,-87.6398,0,0,0
669,41.870151,-87.6385937,0,0,0
670,41.870151,-87.6373874,0,0,0
671,41.870151,-87.6361812,0,0,0
672,41.870151,-87.6349749,0,25,0
673,41.870151,-87.6337686,22,69,0
674,41.870151,-87.6325623,720,540,360
675,41.870151,-87.6313561,522,540,360
676,41.870151,-87.6301498,386,165,360
677,41.870151,-87.6289435,263,173,360
678,41.870151,-87.6277372,720,540,360
679,41.870151,-87.6265309,720,540,360
680,41.870151,-87.6253247,434,142,266
681,41.870151,-87.6241184,168,0,294
682,41.870151,-87.6229121,84,0,198
683,41.870151,-87.6217058,13,28,140
684,41.870151,-87.6204996,0,0,118
685,41.870151,-87.6192933,16,0,106
686,41.870151,-87.618087,32,0,52
687,41.870151,-87.6168807,0,0,0
688,41.870151,-87.6156744,0,0,0
689,41.870151,-87.6144682,0,0,0
690,41.870151,-87.6132619,0,0,0
691,41.8710493,-87.6398,720,540,360
692,41.8710493,-87.6385937,720,540,360
693,41.8710493,-87.6373874,24,0,0
694,41.8710493,-87.6361812,116,102,39
695,41.8710493,-87.6349749,317,218,75
696,41.8710493,-87.6337686,720,535,360
697,41.8710493,-87.6325623,720,540,360
698,41.8710493,-87.6313561,720,540,360
699,41.8710493,-87.6301498,720,540,360
700,41.8710493,-87.6289435,143,215,127
701,41.8710493,-87.6277372,518,490,360
702,41.8710493,-87.6265309,720,540,360
703,41.8710493,-87.6253247,720,540,360
704,41.8710493,-87.6241184,206,169,229
705,41.8710493,-87.6229121,57,6,159
706,41.8710493,-87.6217058,75,0,135
707,41.8710493,-87.6204996,45,0,85
708,41.8710493,-87.6192933,0,0,89
709,41.8710493,-87.618087,0,0,82
710,41.8710493,-87.6168807,0,0,39
711,41.8710493,-87.6156744,0,0,0
712,41.8710493,-87.6144682,0,0,0
713,41.8710493,-87.6132619,0,0,0
714,41.8719476,-87.6398,20,40,6
715,41.8719476,-87.6385937,402,540,360
716,41.8719476,-87.6373874,56,0,2
717,41.8719476,-87.6361812,68,10,0
718,41.8719476,-87.6349749,169,117,170
719,41.8719476,-87.6337686,720,540,360
720,41.8719476,-87.6325623,720,540,360
721,41.8719476,-87.6313561,428,475,347
722,41.8719476,-87.6301498,720,540,360
723,41.8719476,-87.6289435,720,540,360
724,41.8719476,-87.6277372,720,540,360
725,41.8719476,-87.6265309,720,540,360
726,41.8719476,-87.6253247,501,373,360
727,41.8719476,-87.6241184,215,204,160
728,41.8719476,-87.6229121,180,61,72
729,41.8719476,-87.6217058,55,0,64
730,41.8719476,-87.6204996,9,0,60
731,41.8719476,-87.6192933,0,0,49
732,41.8719476,-87.618087,0,0,57
733,41.8719476,-87.6168807,0,0,65
734,41.8719476,-87.6156744,0,0,30
735,41.8719476,-87.6144682,0,0,0
736,41.8719476,-87.6132619,0,0,0
737,41.872846,-87.6398,720,540,360
738,41.872846,-87.6385937,720,540,360
739,41.872846,-87.6373874,720,540,360
740,41.872846,-87.6361812,175,120,47
741,41.872846,-87.6349749,219,167,10
742,41.872846,-87.6337686,720,540,360
743,41.872846,-87.6325623,501,466,342
744,41.872846,-87.6313561,400,322,348
745,41.872846,-87.6301498,720,540,360
746,41.872846,-87.6289435,720,540,360
747,41.872846,-87.6277372,720,540,360
748,41.872846,-87.6265309,720,540,360
749,41.872846,-87.6253247,720,540,360
750,41.872846,-87.6241184,309,236,161
751,41.872846,-87.6229121,120,144,45
752,41.872846,-87.6217058,15,57,0
753,41.872846,-87.6204996,0,27,4
754,41.872846,-87.6192933,0,15,18
755,41.872846,-87.618087,0,0,26
756,41.872846,-87.6168807,0,0,35
757,41.872846,-87.6156744,0,0,35
758,41.872846,-87.6144682,0,0,23
759,41.872846,-87.6132619,0,0,0
760,41.8737443,-87.6398,170,67,17
761,41.8737443,-87.6385937,720,540,360
762,41.8737443,-87.6373874,720,540,360
763,41.8737443,-87.6361812,265,201,122
764,41.8737443,-87.6349749,116,161,95
765,41.8737443,-87.6337686,430,342,236
766,41.8737443,-87.6325623,403,389,280
767,41.8737443,-87.6313561,720,540,360
768,41.8737443,-87.6301498,370,425,360
769,41.8737443,-87.6289435,382,219,357
770,41.8737443,-87.6277372,720,540,360
771,41.8737443,-87.6265309,103,322,271
772,41.8737443,-87.6253247,720,540,360
773,41.8737443,-87.6241184,288,212,172
774,41.8737443,-87.6229121,17,87,98
775,41.8737443,-87.6217058,0,11,22
776,41.8737443,-87.6204996,0,0,0
777,41.8737443,-87.6192933,0,0,0
778,41.8737443,-87.618087,0,0,0
779,41.8737443,-87.6168807,0,0,14
780,41.8737443,-87.6156744,0,0,30
781,41.8737443,-87.6144682,0,0,14
782,41.8737443,-87.6132619,0,0,4
783,41.8746426,-87.6398,530,281,253
784,41.8746426,-87.6385937,720,540,360
785,41.8746426,-87.6373874,720,540,360
786,41.8746426,-87.6361812,55,47,118
787,41.8746426,-87.6349749,0,166,109
788,41.8746426,-87.6337686,62,392,340
789,41.8746426,-87.6325623,265,429,280
790,41.8746426,-87.6313561,720,540,360
791,41.8746426,-87.6301498,720,540,360
792,41.8746426,-87.6289435,720,540,360
793,41.8746426,-87.6277372,330,158,234
794,41.8746426,-87.6265309,332,242,171
795,41.8746426,-87.6253247,177,373,360
796,41.8746426,-87.6241184,163,135,177
797,41.8746426,-87.6229121,26,0,120
798,41.8746426,-87.6217058,0,0,69
799,41.8746426,-87.6204996,0,0,12
800,41.8746426,-87.6192933,0,0,0
801,41.8746426,-87.618087,3,0,0
802,41.8746426,-87.6168807,5,0,0
803,41.8746426,-87.6156744,0,0,0
804,41.8746426,-87.6144682,0,0,17
805,41.8746426,-87.6132619,0,0,8
806,41.8755409,-87.6398,210,183,89
807,41.8755409,-87.6385937,720,540,360
808,41.8755409,-87.6373874,214,449,360
809,41.8755409,-87.6361812,82,113,0
810,41.8755409,-87.6349749,80,0,74
811,41.8755409,-87.6337686,59,0,128
812,41.8755409,-87.6325623,314,251,259
813,41.8755409,-87.6313561,44,415,360
814,41.8755409,-87.6301498,118,496,351
815,41.8755409,-87.6289435,99,187,360
816,41.8755409,-87.6277372,319,466,303
817,41.8755409,-87.6265309,720,540,360
818,41.8755409,-87.6253247,720,540,360
819,41.8755409,-87.6241184,232,158,128
820,41.8755409,-87.6229121,51,0,69
821,41.8755409,-87.6217058,10,0,64
822,41.8755409,-87.6204996,21,0,36
823,41.8755409,-87.6192933,7,0,5
824,41.8755409,-87.618087,10,0,0
825,41.8755409,-87.6168807,0,0,0
826,41.8755409,-87.6156744,0,0,0
827,41.8755409,-87.6144682,0,0,0
828,41.8755409,-87.6132619,0,0,0
829,41.8764392,-87.6398,563,429,278
830,41.8764392,-87.6385937,720,540,360
831,41.8764392,-87.6373874,297,144,119
832,41.8764392,-87.6361812,143,260,257
833,41.8764392,-87.6349749,293,79,60
834,41.8764392,-87.6337686,312,201,0
835,41.8764392,-87.6325623,720,540,360
836,41.8764392,-87.6313561,720,540,360
837,41.8764392,-87.6301498,703,540,360
838,41.8764392,-87.6289435,720,540,360
839,41.8764392,-87.6277372,510,389,306
840,41.8764392,-87.6265309,720,540,360
841,41.8764392,-87.6253247,714,540,360
842,41.8764392,-87.6241184,238,170,124
843,41.8764392,-87.6229121,59,12,7
844,41.8764392,-87.6217058,49,0,0
845,41.8764392,-87.6204996,58,0,0
846,41.8764392,-87.6192933,25,0,26
847,41.8764392,-87.618087,0,0,0
848,41.8764392,-87.6168807,0,0,0
849,41.8764392,-87.6156744,0,0,0
850,41.8764392,-87.6144682,0,0,0
851,41.8764392,-87.6132619,0,0,0
852,41.8773375,-87.6398,204,121,269
853,41.8773375,-87.6385937,720,540,360
854,41.8773375,-87.6373874,420,181,117
855,41.8773375,-87.6361812,385,156,34
856,41.8773375,-87.6349749,720,540,360
857,41.8773375,-87.6337686,577,472,257
858,41.8773375,-87.6325623,720,540,360
859,41.8773375,-87.6313561,720,540,360
860,41.8773375,-87.6301498,720,538,360
861,41.8773375,-87.6289435,720,540,360
862,41.8773375,-87.6277372,310,223,264
863,41.8773375,-87.6265309,425,288,175
864,41.8773375,-87.6253247,702,540,360
865,41.8773375,-87.6241184,263,116,136
866,41.8773375,-87.6229121,159,29,51
867,41.8773375,-87.6217058,556,401,360
868,41.8773375,-87.6204996,21,0,0
869,41.8773375,-87.6192933,0,0,0
870,41.8773375,-87.618087,0,0,0
871,41.8773375,-87.6168807,0,0,0
872,41.8773375,-87.6156744,0,0,0
873,41.8773375,-87.6144682,0,0,0
874,41.8773375,-87.6132619,0,0,0
875,41.8782358,-87.6398,711,540,354
876,41.8782358,-87.6385937,717,540,360
877,41.8782358,-87.6373874,402,412,248
878,41.8782358,-87.6361812,332,438,293
879,41.8782358,-87.6349749,720,540,360
880,41.8782358,-87.6337686,506,486,314
881,41.8782358,-87.6325623,720,540,360
882,41.8782358,-87.6313561,595,540,360
883,41.8782358,-87.6301498,436,540,360
884,41.8782358,-87.6289435,181,354,360
885,41.8782358,-87.6277372,194,424,274
886,41.8782358,-87.6265309,562,540,360
887,41.8782358,-87.6253247,561,540,360
888,41.8782358,-87.6241184,233,170,181
889,41.8782358,-87.6229121,78,79,31
890,41.8782358,-87.6217058,23,36,0
891,41.8782358,-87.6204996,3,0,0
892,41.8782358,-87.6192933,10,0,0
893,41.8782358,-87.618087,0,0,0
894,41.8782358,-87.6168807,0,0,0
895,41.8782358,-87.6156744,0,0,0
896,41.8782358,-87.6144682,0,0,0
897,41.8782358,-87.6132619,0,0,0
898,41.8791341,-87.6398,720,540,360
899,41.8791341,-87.6385937,540,517,360
900,41.8791341,-87.6373874,720,540,360
901,41.8791341,-87.6361812,720,540,360
902,41.8791341,-87.6349749,720,540,360
903,41.8791341,-87.6337686,551,464,325
904,41.8791341,-87.6325623,720,540,360
905,41.8791341,-87.6313561,697,540,360
906,41.8791341,-87.6301498,720,540,360
907,41.8791341,-87.6289435,719,540,360
908,41.8791341,-87.6277372,513,431,232
909,41.8791341,-87.6265309,720,540,360
910,41.8791341,-87.6253247,720,540,360
911,41.8791341,-87.6241184,231,221,142
912,41.8791341,-87.6229121,76,39,49
913,41.8791341,-87.6217058,720,540,360
914,41.8791341,-87.6204996,50,0,0
915,41.8791341,-87.6192933,23,0,0
916,41.8791341,-87.618087,0,0,0
917,41.8791341,-87.6168807,2,0,0
918,41.8791341,-87.6156744,12,0,0
919,41.8791341,-87.6144682,0,0,0
920,41.8791341,-87.6132619,0,0,0
921,41.8800324,-87.6398,713,540,360
922,41.8800324,-87.6385937,516,453,278
923,41.8800324,-87.6373874,536,482,360
924,41.8800324,-87.6361812,667,540,360
925,41.8800324,-87.6349749,720,540,360
926,41.8800324,-87.6337686,643,473,326
927,41.8800324,-87.6325623,705,540,360
928,41.8800324,-87.6313561,705,540,360
929,41.8800324,-87.6301498,720,540,360
930,41.8800324,-87.6289435,720,540,360
931,41.8800324,-87.6277372,544,275,300
932,41.8800324,-87.6265309,720,540,360
933,41.8800324,-87.6253247,720,540,360
934,41.8800324,-87.6241184,251,274,218
935,41.8800324,-87.6229121,146,0,85
936,41.8800324,-87.6217058,720,540,360
937,41.8800324,-87.6204996,14,0,0
938,41.8800324,-87.6192933,35,0,0
939,41.8800324,-87.618087,14,0,0
940,41.8800324,-87.6168807,0,0,0
941,41.8800324,-87.6156744,0,0,0
942,41.8800324,-87.6144682,0,0,0
943,41.8800324,-87.6132619,0,0,0
944,41.8809308,-87.6398,659,511,360
945,41.8809308,-87.6385937,425,384,287
946,41.8809308,-87.6373874,720,540,360
947,41.8809308,-87.6361812,720,540,360
948,41.8809308,-87.6349749,720,540,360
949,41.8809308,-87.6337686,499,446,324
950,41.8809308,-87.6325623,720,540,360
951,41.8809308,-87.6313561,720,540,360
952,41.8809308,-87.6301498,423,467,360
953,41.8809308,-87.6289435,720,540,360
954,41.8809308,-87.6277372,527,496,306
955,41.8809308,-87.6265309,720,540,360
956,41.8809308,-87.6253247,599,529,350
957,41.8809308,-87.6241184,209,163,141
958,41.8809308,-87.6229121,76,93,92
959,41.8809308,-87.6217058,48,42,53
960,41.8809308,-87.6204996,48,6,0
961,41.8809308,-87.6192933,0,0,0
962,41.8809308,-87.618087,0,0,0
963,41.8809308,-87.6168807,0,0,118
964,41.8809308,-87.6156744,58,65,10
965,41.8809308,-87.6144682,0,0,0
966,41.8809308,-87.6132619,0,0,0
967,41.8818291,-87.6398,384,475,313
968,41.8818291,-87.6385937,432,531,360
969,41.8818291,-87.6373874,617,540,360
970,41.8818291,-87.6361812,614,540,360
971,41.8818291,-87.6349749,662,540,360
972,41.8818291,-87.6337686,548,482,306
973,41.8818291,-87.6325623,720,540,360
974,41.8818291,-87.6313561,720,540,360
975,41.8818291,-87.6301498,720,540,360
976,41.8818291,-87.6289435,628,480,353
977,41.8818291,-87.6277372,564,363,328
978,41.8818291,-87.6265309,720,540,360
979,41.8818291,-87.6253247,710,526,351
980,41.8818291,-87.6241184,268,165,116
981,41.8818291,-87.6229121,128,41,45
982,41.8818291,-87.6217058,8,0,25
983,41.8818291,-87.6204996,16,0,39
984,41.8818291,-87.6192933,0,0,0
985,41.8818291,-87.618087,3,109,0
986,41.8818291,-87.6168807,0,0,0
987,41.8818291,-87.6156744,0,0,0
988,41.8818291,-87.6144682,0,0,0
989,41.8818291,-87.6132619,0,0,0
990,41.8827274,-87.6398,632,487,314
991,41.8827274,-87.6385937,564,460,280
992,41.8827274,-87.6373874,720,540,360
993,41.8827274,-87.6361812,720,540,360
994,41.8827274,-87.6349749,720,540,360
995,41.8827274,-87.6337686,664,483,327
996,41.8827274,-87.6325623,720,540,360
997,41.8827274,-87.6313561,720,540,360
998,41.8827274,-87.6301498,720,540,360
999,41.8827274,-87.6289435,720,540,360
1000,41.8827274,-87.6277372,540,450,304
1001,41.8827274,-87.6265309,720,540,360
1002,41.8827274,-87.6253247,612,527,351
1003,41.8827274,-87.6241184,114,195,128
1004,41.8827274,-87.6229121,105,109,75
1005,41.8827274,-87.6217058,20,63,13
1006,41.8827274,-87.6204996,48,34,0
1007,41.8827274,-87.6192933,39,6,17
1008,41.8827274,-87.618087,9,0,0
1009,41.8827274,-87.6168807,0,0,0
1010,41.8827274,-87.6156744,0,0,0
1011,41.8827274,-87.6144682,22,0,0
1012,41.8827274,-87.6132619,27,0,0
1013,41.8836257,-87.6398,436,453,327
1014,41.8836257,-87.6385937,720,540,360
1015,41.8836257,-87.6373874,720,540,360
1016,41.8836257,-87.6361812,720,540,360
1017,41.8836257,-87.6349749,720,540,360
1018,41.8836257,-87.6337686,597,458,329
1019,41.8836257,-87.6325623,562,518,334
1020,41.8836257,-87.6313561,720,540,360
1021,41.8836257,-87.6301498,230,490,360
1022,41.8836257,-87.6289435,720,540,360
1023,41.8836257,-87.6277372,480,413,296
1024,41.8836257,-87.6265309,720,540,360
1025,41.8836257,-87.6253247,614,521,346
1026,41.8836257,-87.6241184,157,157,146
1027,41.8836257,-87.6229121,133,46,92
1028,41.8836257,-87.6217058,720,540,360
1029,41.8836257,-87.6204996,52,0,6
1030,41.8836257,-87.6192933,200,363,359
1031,41.8836257,-87.618087,41,0,0
1032,41.8836257,-87.6168807,55,0,0
1033,41.8836257,-87.6156744,58,0,0
1034,41.8836257,-87.6144682,51,0,0
1035,41.8836257,-87.6132619,50,0,0
1036,41.884524,-87.6398,310,300,333
1037,41.884524,-87.6385937,442,540,360
1038,41.884524,-87.6373874,373,444,326
1039,41.884524,-87.6361812,383,402,350
1040,41.884524,-87.6349749,435,503,360
1041,41.884524,-87.6337686,398,504,338
1042,41.884524,-87.6325623,381,436,337
1043,41.884524,-87.6313561,323,540,360
1044,41.884524,-87.6301498,488,486,360
1045,41.884524,-87.6289435,581,540,360
1046,41.884524,-87.6277372,412,366,291
1047,41.884524,-87.6265309,342,540,360
1048,41.884524,-87.6253247,366,246,325
1049,41.884524,-87.6241184,302,123,360
1050,41.884524,-87.6229121,223,53,85
1051,41.884524,-87.6217058,198,7,57
1052,41.884524,-87.6204996,200,0,30
1053,41.884524,-87.6192933,201,0,1
1054,41.884524,-87.618087,205,0,0
1055,41.884524,-87.6168807,190,0,0
1056,41.884524,-87.6156744,145,0,0
1057,41.884524,-87.6144682,105,0,0
1058,41.884524,-87.6132619,84,0,0
1059,41.8854223,-87.6398,370,280,230
1060,41.8854223,-87.6385937,720,540,360
1061,41.8854223,-87.6373874,586,458,307
1062,41.8854223,-87.6361812,720,540,360
1063,41.8854223,-87.6349749,720,540,360
1064,41.8854223,-87.6337686,643,456,350
1065,41.8854223,-87.6325623,642,483,334
1066,41.8854223,-87.6313561,720,540,360
1067,41.8854223,-87.6301498,720,540,360
1068,41.8854223,-87.6289435,720,540,360
1069,41.8854223,-87.6277372,560,445,279
1070,41.8854223,-87.6265309,720,540,360
1071,41.8854223,-87.6253247,720,540,360
1072,41.8854223,-87.6241184,720,540,360
1073,41.8854223,-87.6229121,720,540,360
1074,41.8854223,-87.6217058,720,540,360
1075,41.8854223,-87.6204996,398,369,168
1076,41.8854223,-87.6192933,406,491,348
1077,41.8854223,-87.618087,720,540,360
1078,41.8854223,-87.6168807,720,540,360
1079,41.8854223,-87.6156744,478,468,255
1080,41.8854223,-87.6144682,348,271,215
1081,41.8854223,-87.6132619,226,82,0
1082,41.8863206,-87.6398,436,300,201
1083,41.8863206,-87.6385937,334,345,319
1084,41.8863206,-87.6373874,385,338,300
1085,41.8863206,-87.6361812,462,454,360
1086,41.8863206,-87.6349749,720,540,360
1087,41.8863206,-87.6337686,720,540,360
1088,41.8863206,-87.6325623,635,487,327
1089,41.8863206,-87.6313561,720,540,360
1090,41.8863206,-87.6301498,720,540,360
1091,41.8863206,-87.6289435,720,540,360
1092,41.8863206,-87.6277372,604,442,310
1093,41.8863206,-87.6265309,713,540,360
1094,41.8863206,-87.6253247,664,534,346
1095,41.8863206,-87.6241184,720,540,360
1096,41.8863206,-87.6229121,557,511,349
1097,41.8863206,-87.6217058,720,540,360
1098,41.8863206,-87.6204996,553,476,274
1099,41.8863206,-87.6192933,720,540,360
1100,41.8863206,-87.618087,175,306,303
1101,41.8863206,-87.6168807,302,314,252
1102,41.8863206,-87.6156744,425,450,333
1103,41.8863206,-87.6144682,233,283,228
1104,41.8863206,-87.6132619,70,156,58
1105,41.8872189,-87.6398,472,227,155
1106,41.8872189,-87.6385937,213,214,294
1107,41.8872189,-87.6373874,182,312,229
1108,41.8872189,-87.6361812,142,359,343
1109,41.8872189,-87.6349749,138,460,360
1110,41.8872189,-87.6337686,145,501,356
1111,41.8872189,-87.6325623,127,489,323
1112,41.8872189,-87.6313561,91,540,360
1113,41.8872189,-87.6301498,108,540,360
1114,41.8872189,-87.6289435,169,540,360
1115,41.8872189,-87.6277372,720,540,360
1116,41.8872189,-87.6265309,250,460,360
1117,41.8872189,-87.6253247,617,534,360
1118,41.8872189,-87.6241184,720,540,360
1119,41.8872189,-87.6229121,720,540,360
1120,41.8872189,-87.6217058,720,540,360
1121,41.8872189,-87.6204996,587,488,314
1122,41.8872189,-87.6192933,720,540,360
1123,41.8872189,-87.618087,720,540,360
1124,41.8872189,-87.6168807,720,540,360
1125,41.8872189,-87.6156744,650,464,307
1126,41.8872189,-87.6144682,143,68,186
1127,41.8872189,-87.6132619,29,23,110
1128,41.8881172,-87.6398,397,323,244
1129,41.8881172,-87.6385937,478,431,304
1130,41.8881172,-87.6373874,720,540,360
1131,41.8881172,-87.6361812,720,540,360
1132,41.8881172,-87.6349749,720,540,360
1133,41.8881172,-87.6337686,720,540,360
1134,41.8881172,-87.6325623,508,344,325
1135,41.8881172,-87.6313561,538,472,360
1136,41.8881172,-87.6301498,720,540,360
1137,41.8881172,-87.6289435,656,427,338
1138,41.8881172,-87.6277372,219,150,321
1139,41.8881172,-87.6265309,214,252,321
1140,41.8881172,-87.6253247,482,364,360
1141,41.8881172,-87.6241184,624,540,360
1142,41.8881172,-87.6229121,460,540,360
1143,41.8881172,-87.6217058,239,540,360
1144,41.8881172,-87.6204996,133,490,333
1145,41.8881172,-87.6192933,78,468,334
1146,41.8881172,-87.618087,59,433,360
1147,41.8881172,-87.6168807,51,373,360
1148,41.8881172,-87.6156744,54,302,279
1149,41.8881172,-87.6144682,16,193,197
1150,41.8881172,-87.6132619,12,85,109
1151,41.8890156,-87.6398,10,134,212
1152,41.8890156,-87.6385937,127,269,338
1153,41.8890156,-87.6373874,499,540,360
1154,41.8890156,-87.6361812,514,540,360
1155,41.8890156,-87.6349749,567,540,360
1156,41.8890156,-87.6337686,711,540,360
1157,41.8890156,-87.6325623,624,439,316
1158,41.8890156,-87.6313561,716,540,360
1159,41.8890156,-87.6301498,720,540,360
1160,41.8890156,-87.6289435,541,484,360
1161,41.8890156,-87.6277372,676,540,360
1162,41.8890156,-87.6265309,720,540,360
1163,41.8890156,-87.6253247,304,151,355
1164,41.8890156,-87.6241184,183,84,356
1165,41.8890156,-87.6229121,194,59,360
1166,41.8890156,-87.6217058,231,30,360
1167,41.8890156,-87.6204996,270,69,322
1168,41.8890156,-87.6192933,720,540,360
1169,41.8890156,-87.618087,720,540,360
1170,41.8890156,-87.6168807,720,540,360
1171,41.8890156,-87.6156744,106,46,227
1172,41.8890156,-87.6144682,98,42,135
1173,41.8890156,-87.6132619,57,35,99
